<?xml version="1.0" encoding="UTF-8" standalone="no"?><xsl:stylesheet xmlns:xsl="http://www.w3.org/1999/XSL/Transform" xmlns:firstElementOfTheInput="CustomerData" xmlns:notXSLTCompatible="false" xmlns:own="http://ownfunction.org" xmlns:xs="http://www.w3.org/2001/XMLSchema" xmlns:xsi="http://www.w3.org/2001/XMLSchema-instance" extension-element-prefixes="xs own notXSLTCompatible firstElementOfTheInput" version="2.0"><xsl:function name="own:setPrecision"><xsl:param name="resultString"/><xsl:param name="noOfDigits"/><xsl:if test="$noOfDigits=0"><xsl:value-of select="$resultString"/></xsl:if><xsl:if test="$noOfDigits!=0"><xsl:value-of select="own:setPrecision(concat($resultString,'0'),$noOfDigits - 1)"/></xsl:if></xsl:function><xsl:template match="/"><Customer><Name><xsl:value-of select="concat(CustomerData/FName,' ',CustomerData/LName)"/></Name><DOB><xsl:value-of select="CustomerData/DOB"/></DOB><Address1><xsl:value-of select="tokenize(CustomerData/Address,'-')[1]"/></Address1><Address2><xsl:value-of select="tokenize(CustomerData/Address,'-')[2]"/></Address2></Customer></xsl:template></xsl:stylesheet>
