{
  "$schema" : "http://wso2.org/json-schema/wso2-data-mapper-v5.0.0/schema#",
  "inputType" : "XSD",
  "id" : "http://wso2jsonschema.org",
  "title" : "CustomerData",
  "type" : "object",
  "properties" : {
    "FName" : {
      "id" : "http://wso2jsonschema.org/FName",
      "type" : "string"
    },
    "LName" : {
      "id" : "http://wso2jsonschema.org/LName",
      "type" : "string"
    },
    "DOB" : {
      "id" : "http://wso2jsonschema.org/DOB",
      "type" : "string"
    },
    "Address" : {
      "id" : "http://wso2jsonschema.org/Address",
      "type" : "string"
    }
  },
  "namespaces" : [ {
    "prefix" : "xsi",
    "url" : "http://www.w3.org/2001/XMLSchema-instance"
  } ]
}
