<?xml version="1.0" encoding="ISO-8859-1"?>
<!--
  ~ Copyright (c) 2016, WSO2 Inc. (http://www.wso2.org) All Rights Reserved.
  ~
  ~ WSO2 Inc. licenses this file to you under the Apache License,
  ~ Version 2.0 (the "License"); you may not use this file except
  ~ in compliance with the License.
  ~ You may obtain a copy of the License at
  ~
  ~ http://www.apache.org/licenses/LICENSE-2.0
  ~
  ~ Unless required by applicable law or agreed to in writing,
  ~ software distributed under the License is distributed on an
  ~ "AS IS" BASIS, WITHOUT WARRANTIES OR CONDITIONS OF ANY
  ~ KIND, either express or implied. See the License for the
  ~ specific language governing permissions and limitations
  ~ under the License.
  -->

<!-- Default main sequence shipped with the WSO2 EI -->
<sequence xmlns="http://ws.apache.org/ns/synapse" name="main">
    <description>The main sequence for the message mediation - this sequence will get invoked if there is no other
        artifact to process the message</description>
    <in>
        <log level="custom">
            <property name="main sequence executed for call to non-existent" expression="get-property('To')"/>
        </log>
        <property name="NO_ENTITY_BODY" scope="axis2" value="true" type="BOOLEAN"/>
        <property name="HTTP_SC" scope="axis2" value="404"/>
        <respond/>
    </in>
</sequence>
