<!--
 Copyright (c) 2019, WSO2 Inc. (http://www.wso2.org) All Rights Reserved.

 Licensed under the Apache License, Version 2.0 (the "License");
 you may not use this file except in compliance with the License.
 You may obtain a copy of the License at

 http://www.apache.org/licenses/LICENSE-2.0

 Unless required by applicable law or agreed to in writing, software
 distributed under the License is distributed on an "AS IS" BASIS,
 WITHOUT WARRANTIES OR CONDITIONS OF ANY KIND, either express or implied.
 See the License for the specific language governing permissions and
 limitations under the License.
-->

<UserManager>
    <Realm>
        <Configuration>
            <AddAdmin>true</AddAdmin>
            <AdminRole>admin</AdminRole>
            <AdminUser>
                <UserName>admin</UserName>
                <Password>admin</Password>
            </AdminUser>
            <EveryOneRoleName>everyone</EveryOneRoleName> <!-- By default users in this role sees the registry root -->

            <!-- By default users in this role sees the registry root -->
            <Property name="isCascadeDeleteEnabled">true</Property>
            <Property name="dataSource">jdbc/WSO2CarbonDB</Property>
        </Configuration>

        <UserStoreManager class="org.wso2.micro.integrator.security.user.core.ldap.ReadOnlyLDAPUserStoreManager">
            <Property name="ConnectionURL">ldap://localhost:10389</Property>
            <Property name="ConnectionName">uid=admin,ou=system</Property>
            <Property name="MaxUserNameListLength">100</Property>
            <Property name="RolenameJavaRegEx">[a-zA-Z0-9._\-|//]{3,30}$</Property>
            <Property name="BackLinksEnabled">false</Property>
            <Property name="UserRolesCacheEnabled">true</Property>
            <Property name="UserNameSearchFilter">(&amp;(objectClass=person)(uid=?))</Property>
            <Property name="PasswordJavaRegEx">^[\S]{5,30}$</Property>
            <Property name="GroupNameListFilter">(objectClass=groupOfNames)</Property>
            <Property name="LDAPConnectionTimeout">5000</Property>
            <Property name="MultiAttributeSeparator">,</Property>
            <Property name="EnableMaxUserLimitForSCIM">false</Property>
            <Property name="SCIMEnabled">false</Property>
            <Property name="PasswordHashMethod">PLAIN_TEXT</Property>
            <Property name="ConnectionPassword">admin</Property>
            <Property name="UserNameAttribute">uid</Property>
            <Property name="GroupNameAttribute">cn</Property>
            <Property name="GroupSearchBase">ou=Groups,dc=wso2,dc=org</Property>
            <Property name="ReplaceEscapeCharactersAtUserLogin">true</Property>
            <Property name="UserNameListFilter">(objectClass=person)</Property>
            <Property name="ConnectionRetryDelay">120000</Property>
            <Property name="UsernameJavaRegEx">[a-zA-Z0-9._\-|//]{3,30}$</Property>
            <Property name="MembershipAttribute">member</Property>
            <Property name="DisplayNameAttribute"></Property>
            <Property name="AnonymousBind">false</Property>
            <Property name="UserSearchBase">ou=Users,dc=wso2,dc=org</Property>
            <Property name="GroupNameSearchFilter">(&amp;(objectClass=groupOfNames)(cn=?))</Property>
            <Property name="ConnectionPoolingEnabled">true</Property>
            <Property name="MaxRoleNameListLength">100</Property>
        </UserStoreManager>

    </Realm>
</UserManager>
