{
  "server.enable_mtom": "server.enableMTOM",
  "server.enable_swa": "server.enableSwA",
  "server.auth2_token_validation_service": "axis2_transport.parameter.oauth2TokenValidationService",
  "server.identity_server_username": "axis2_transport.parameter.identityServerUserName",
  "server.identity_server_password": "axis2_transport.parameter.identityServerPw",

  "user_store.read_only":"user_store.properties.ReadOnly",
  "user_store.write_groups":"user_store.properties.WriteGroups",
  "user_store.username_javascript_regex":"user_store.properties.UsernameJavaScriptRegEx",
  "user_store.username_java_regex_violation_error_msg":"user_store.properties.UsernameJavaRegExViolationErrorMsg",
  "user_store.password_javascript_regex":"user_store.properties.PasswordJavaScriptRegEx",
  "user_store.password_java_regex_violation_error_msg":"user_store.properties.PasswordJavaRegExViolationErrorMsg",
  "user_store.rolename_javascript_regex":"user_store.properties.RolenameJavaScriptRegEx",
  "user_store.case_insensitive_username":"user_store.properties.CaseInsensitiveUsername",
  "user_store.is_bulk_import_supported":"user_store.properties.IsBulkImportSupported",
  "user_store.password_digest":"user_store.properties.PasswordDigest",
  "user_store.store_salted_password":"user_store.properties.StoreSaltedPassword",

  "user_store.connection_url":"user_store.properties.ConnectionURL",
  "user_store.connection_name":"user_store.properties.ConnectionName",
  "user_store.connection_password":"user_store.properties.ConnectionPassword",
  "user_store.anonymous_bind":"user_store.properties.AnonymousBind",
  "user_store.user_search_base":"user_store.properties.UserSearchBase",
  "user_store.user_name_attribute":"user_store.properties.UserNameAttribute",
  "user_store.user_name_search_filter":"user_store.properties.UserNameSearchFilter",
  "user_store.user_name_list_filter":"user_store.properties.UserNameListFilter",
  "user_store.display_name_attribute":"user_store.properties.DisplayNameAttribute",
  "user_store.read_groups":"user_store.properties.ReadGroups",
  "user_store.group_search_base":"user_store.properties.GroupSearchBase",
  "user_store.group_name_attribute":"user_store.properties.GroupNameAttribute",
  "user_store.group_name_search_filter":"user_store.properties.GroupNameSearchFilter",
  "user_store.group_name_list_filter":"user_store.properties.GroupNameListFilter",
  "user_store.membership_attribute":"user_store.properties.MembershipAttribute",
  "user_store.back_links_enabled":"user_store.properties.BackLinksEnabled",
  "user_store.scim_enabled":"user_store.properties.SCIMEnabled",
  "user_store.password_hash_method":"user_store.properties.PasswordHashMethod",
  "user_store.multi_attribute_separator":"user_store.properties.MultiAttributeSeparator",
  "user_store.max_user_name_list_length":"user_store.properties.MaxUserNameListLength",
  "user_store.max_role_name_list_length":"user_store.properties.MaxRoleNameListLength",
  "user_store.user_roles_cache_enabled":"user_store.properties.UserRolesCacheEnabled",
  "user_store.connection_pooling_enabled":"user_store.properties.ConnectionPoolingEnabled",
  "user_store.ldap_connection_timeout":"user_store.properties.LDAPConnectionTimeout",
  "user_store.read_timeout":"user_store.properties.ReadTimeout",
  "user_store.retry_attempts":"user_store.properties.RetryAttempts",
  "user_store.replace_escape_characters_at_user_login":"user_store.properties.ReplaceEscapeCharactersAtUserLogin",
  "user_store.username_java_regex":"user_store.properties.UsernameJavaRegEx",
  "user_store.rolename_java_regex":"user_store.properties.RolenameJavaRegEx",
  "user_store.password_java_regex":"user_store.properties.PasswordJavaRegEx",

  "user_store.connection_retry_delay": "user_store.properties.ConnectionRetryDelay",
  "user_store.count_retriever_class": "user_store.properties.CountRetrieverClass",
  "user_store.use_case_sensitive_username_for_cache_keys": "user_store.properties.UseCaseSensitiveUsernameForCacheKeys",
  "user_store.case_sensitive_authorization_rules": "user_store.properties.CaseSensitiveAuthorizationRules",
  "user_store.notification_receivers_retrieval_class": "user_store.properties.NotificationReceiversRetrievalClass",
  "user_store.domain_name": "user_store.properties.DomainName",
  "user_store.user_entry_object_class": "user_store.properties.UserEntryObjectClass",
  "user_store.driver_name": "user_store.properties.driverName",
  "user_store.disable": "user_store.properties.Disabled",
  "user_store.role_dn_pattern": "user_store.properties.RoleDNPattern",
  "user_store.user_dn_pattern": "user_store.properties.UserDNPattern",
  "user_store.group_entry_object_class": "user_store.properties.GroupEntryObjectClass",
  "user_store.member_of_attribute": "user_store.properties.MemberOfAttribute",
  "user_store.empty_roles_allowed": "user_store.properties.empty_roles_allowed",
  "user_store.kdc_enabled": "user_store.properties.kdcEnabled",
  "user_store.membership_attribute_range": "user_store.properties.MembershipAttributeRange",
  "user_store.ssl_certificate_validation_enabled": "user_store.properties.SSLCertificateValidationEnabled",

  "authorization_manager.admin_role_management_permissions": "authorization_manager.properties.AdminRoleManagementPermissions",
  "authorization_manager.enable_authorization_cache": "authorization_manager.properties.AuthorizationCacheEnabled",
  "authorization_manager.get_all_roles_user_enable": "authorization_manager.properties.GetAllRolesOfUserEnabled",

  "mediation.synapse.core_threads" : "synapse_properties.'synapse.threads.core'",
  "mediation.synapse.max_threads" : "synapse_properties.'synapse.threads.max'",
  "mediation.synapse.threads_queue_length": "synapse_properties.'synapse.threads.qlen'",
  "mediation.synapse.global_timeout_interval": "synapse_properties.'synapse.global_timeout_interval'",
  "mediation.synapse.preserve_namespace_on_xml_to_json": "synapse_properties.'synapse.commons.json.preserve.namespace'",
  "mediation.synapse.enable_xpath_dom_failover": "synapse_properties.'synapse.xpath.dom.failover.enabled'",
  "mediation.synapse.temp_data_chunk_size":"synapse_properties.'synapse.temp_data.chunk.size'",
  "mediation.synapse.command_debugger_port": "synapse_properties.'synapse.debugger.port.command'",
  "mediation.synapse.event_debugger_port": "synapse_properties.'synapse.debugger.port.event'",
  "mediation.synapse.script_mediator_pool_size": "synapse_properties.'synapse.script.mediator.pool.size'",
  "mediation.synapse.enable_xml_nil": "synapse_properties.'synapse.commons.enableXmlNilReadWrite'",
  "mediation.synapse.disable_auto_primitive_regex":"synapse_properties.'synapse.commons.json.output.disableAutoPrimitive.regex'",
  "mediation.synapse.disable_custom_replace_regex": "synapse_properties.'synapse.commons.json.json.output.disableAutoPrimitive.customReplaceRegex'",
  "mediation.synapse.enable_namespace_declaration": "synapse_properties.'synapse.commons.json.output.enableNSDeclarations'",
  "mediation.synapse.build_valid_nc_name": "synapse_properties.'synapse.commons.json.buildValidNCNames'",
  "mediation.synapse.enable_auto_primitive": "synapse_properties.'synapse.commons.json.output.autoPrimitive'",
  "mediation.synapse.json_out_auto_array": "synapse_properties.'synapse.commons.json.output.jsonoutAutoArray'",
  "mediation.synapse.maximum_failover_retries":"synapse_properties.'maximum.failover.retries'",
  "mediation.synapse.suspend_duration_on_maximum_failover":"synapse_properties.'suspend.duration.on.maximum.failover'",

  "mediation.flow.statistics.enable": "synapse_properties.'mediation.flow.statistics.enable'",
  "mediation.flow.statistics.capture_all": "synapse_properties.'mediation.flow.statistics.collect.all'",
  "mediation.stat.tracer.collect_payloads": "synapse_properties.'mediation.flow.statistics.tracer.collect.payloads'",
  "mediation.stat.tracer.collect_mediation_properties": "synapse_properties.'mediation.flow.statistics.tracer.collect.properties'",
  "mediation.statistics.enable_clean": "synapse_properties.'statistics.clean.enable'",
  "mediation.statistics.clean_interval" : "synapse_properties.'statistics.clean.interval'",
  "mediation.inbound.core_threads": "synapse_properties.'inbound.threads.core'",
  "mediation.inbound.max_threads": "synapse_properties.'inbound.threads.max'",
  "mediation.inbound.port_offset_enable": "synapse_properties.'inbound.port.offset.enable'",
  "mediation.internal_http_api_enable": "synapse_properties.'internal.http.api.enabled'",
  "mediation.internal_http_api_port": "synapse_properties.'internal.http.api.port'",
  "mediation.internal_https_api_port": "synapse_properties.'internal.https.api.port'",

  "opentracing.enable": "synapse_properties.'opentracing.enable'",
  "opentracing.jaeger.sampler.manager_host": "synapse_properties.'jaeger.sampler.manager.host'",
  "opentracing.jaeger.sampler.manager_port": "synapse_properties.'jaeger.sampler.manager.port'",
  "opentracing.jaeger.sender.agent_host": "synapse_properties.'jaeger.sender.agent.host'",
  "opentracing.jaeger.sender.agent_port": "synapse_properties.'jaeger.sender.agent.port'",
  "opentracing.jaeger.reporter.log_spans": "synapse_properties.'jaeger.reporter.log.spans'",
  "opentracing.jaeger.reporter.max_queue_size": "synapse_properties.'jaeger.reporter.max.queue.size'",
  "opentracing.jaeger.reporter.flush_interval": "synapse_properties.'jaeger.reporter.flush.interval'",
  "opentracing.zipkin.enable": "synapse_properties.'opentracing.zipkin.enable'",
  "opentracing.zipkin.backend.url": "synapse_properties.'opentracing.zipkin.backend.url'",

  "transport.http.socket_timeout": "passthru_properties.'http.socket.timeout'",
  "transport.http.connection_timeout": "passthru_properties.'http.connection.timeout'",
  "transport.http.core_worker_pool_size": "passthru_properties.'worker_pool_size_core'",
  "transport.http.max_worker_pool_size": "passthru_properties.'worker_pool_size_max'",
  "transport.http.worker_pool_queue_length": "passthru_properties.'worker_pool_queue_length'",
  "transport.http.io_buffer_size": "passthru_properties.'io_buffer_size'",
  "transport.http.max_http_connection_per_host_port": "passthru_properties.'http.max.connection.per.host.port'",
  "transport.http.preserve_http_user_agent":"passthru_properties.'http.user.agent.preserve'",
  "transport.http.preserve_http_server_name": "passthru_properties.'http.server.preserve'",
  "transport.http.disable_connection_keepalive": "passthru_properties.'http.connection.disable.keepalive'",
  "transport.http.enable_message_size_validation": "passthru_properties.'message.size.validation.enabled'",
  "transport.http.max_message_size_bytes": "passthru_properties.'valid.max.message.size.in.bytes'",
  "transport.http.max_open_connections": "passthru_properties.'max_open_connections'",
  "transport.http.force_xml_validation": "passthru_properties.'force.xml.message.validation'",
  "transport.http.force_json_validation": "passthru_properties.'force.json.message.validation'",
  "transport.http.reverse_proxy_mode": "passthru_properties.'force.json.message.reverseProxyMode'",

  "transport.http.listener.port": "transport.http.listener.parameter.port",
  "transport.http.listener.wsdl_epr_prefix":"transport.http.listener.parameter.WSDLEPRPrefix",
  "transport.http.listener.bind_address":"transport.http.listener.parameter.bind-address",

  "transport.http.listener.secured_port": "transport.https.listener.parameter.port",
  "transport.http.listener.secured_wsdl_epr_prefix": "transport.https.listener.parameter.WSDLEPRPrefix",
  "transport.http.listener.secured_bind_address": "transport.https.listener.parameter.bind-address",
  "transport.http.listener.secured_protocols": "transport.https.listener.parameter.HttpsProtocols",
  "transport.http.listener.preferred_ciphers": "transport.https.listener.parameter.PreferredCiphers",

  "transport.http.sender.warn_on_http_500": "transport.http.sender.parameter.'warnOnHTTP500'",
  "transport.http.sender.proxy_host": "transport.http.sender.parameter.'http.proxyHost'",
  "transport.http.sender.proxy_port": "transport.http.sender.parameter.'http.proxyPort'",

  "transport.http.sender.hostname_verifier": "transport.https.sender.parameter.'HostnameVerifier'",
  "transport.http.sender.secured_protocols": "transport.https.sender.parameter.HttpsProtocols",
  "transport.http.sender.secured_proxy_host": "transport.https.sender.parameter.'http.proxyHost'",
  "transport.http.sender.secured_proxy_port": "transport.https.sender.parameter.'http.proxyPort'",

  "transport.blocking.http.listener.port": "transport.blocking.http.listener.parameter.port",
  "transport.blocking.http.listener.hostname": "transport.blocking.http.listener.parameter.hostname",
  "transport.blocking.http.listener.origin_server": "transport.blocking.http.listener.parameter.originServer",
  "transport.blocking.http.listener.request_timeout": "transport.blocking.http.listener.parameter.requestTimeout",
  "transport.blocking.http.listener.request_tcp_no_delay": "transport.blocking.http.listener.parameter.requestTcpNoDelay",
  "transport.blocking.http.listener.request_core_thread_pool_size": "transport.blocking.http.listener.parameter.requestCoreThreadPoolSize",
  "transport.blocking.http.listener.request_max_thread_pool_size": "transport.blocking.http.listener.parameter.RequestMaxThreadPoolSize",
  "transport.blocking.http.listener.thread_keepalive_time": "transport.blocking.http.listener.parameter.threadKeepAliveTime",
  "transport.blocking.http.listener.thread_keepalive_time_unit": "transport.blocking.http.listener.parameter.threadKeepAliveTimeUnit",

  "transport.blocking.http.sender.enable_client_caching": "transport.blocking.http.sender.parameter.cacheHttpClient",
  "transport.blocking.http.sender.transfer_encoding": "transport.blocking.http.sender.parameter.Transfer-Encoding",
  "transport.blocking.http.sender.default_connections_per_host": "transport.blocking.http.sender.parameter.defaultMaxConnectionsPerHost",
  "transport.blocking.http.sender.omit_soap12_action": "transport.blocking.http.sender.parameter.OmitSOAP12Action",
  "transport.blocking.http.sender.so_timeout": "transport.blocking.http.sender.parameter.SO_TIMEOUT",
  "transport.blocking.http.sender.proxy_host": "transport.blocking.http.sender.parameter.'http.proxyHost'",
  "transport.blocking.http.sender.proxy_port": "transport.blocking.http.sender.parameter.'http.proxyPort'",

  "transport.blocking.http.sender.secured_enable_client_caching": "transport.blocking.https.sender.parameter.cacheHttpClient",
  "transport.blocking.http.sender.secured_transfer_encoding": "transport.blocking.https.sender.parameter.Transfer-Encoding",
  "transport.blocking.http.sender.secured_default_connections_per_host": "transport.blocking.https.sender.parameter.defaultMaxConnectionsPerHost",
  "transport.blocking.http.sender.secured_omit_soap12_action": "transport.blocking.https.sender.parameter.OmitSOAP12Action",
  "transport.blocking.http.sender.secured_so_timeout": "transport.blocking.https.sender.parameter.SO_TIMEOUT",
  "transport.blocking.http.sender.secured_proxy_host": "transport.blocking.https.sender.parameter.'http.proxyHost'",
  "transport.blocking.http.sender.secured_proxy_port": "transport.blocking.https.sender.parameter.'http.proxyPort'",

  "transport.mail.sender:parameter.hostname": "transport.mail.sender:parameter.'mail.smtp.host'",
  "transport.mail.sender:parameter.port": "transport.mail.sender:parameter.'mail.smtp.port'",
  "transport.mail.sender:parameter.enable_tls":  "transport.mail.sender:parameter.'mail.smtp.starttls.enable'",
  "transport.mail.sender:parameter.auth":  "transport.mail.sender:parameter.'mail.smtp.auth'",
  "transport.mail.sender:parameter.username":  "transport.mail.sender:parameter.'mail.smtp.user'",
  "transport.mail.sender:parameter.password":  "transport.mail.sender:parameter.'mail.smtp.password'",
  "transport.mail.sender:parameter.from":  "transport.mail.sender:parameter.'mail.smtp.from'",

  "transport.blocking.mail.sender:parameter.hostname": "transport.blocking.mail.sender:parameter.'mail.smtp.host'",
  "transport.blocking.mail.sender:parameter.port": "transport.blocking.mail.sender:parameter.'mail.smtp.port'",
  "transport.blocking.mail.sender:parameter.enable_tls":  "transport.blocking.mail.sender:parameter.'mail.smtp.starttls.enable'",
  "transport.blocking.mail.sender:parameter.auth":  "transport.blocking.mail.sender:parameter.'mail.smtp.auth'",
  "transport.blocking.mail.sender:parameter.username":  "transport.blocking.mail.sender:parameter.'mail.smtp.user'",
  "transport.blocking.mail.sender:parameter.password":  "transport.blocking.mail.sender:parameter.'mail.smtp.password'",
  "transport.blocking.mail.sender:parameter.from":  "transport.blocking.mail.sender:parameter.'mail.smtp.from'",

  "transport.jms.listener:parameter.initial_naming_factory":  "transport.jms.listener:parameter.'java.naming.factory.initial'",
  "transport.jms.listener:parameter.provider_url":            "transport.jms.listener:parameter.'java.naming.provider.url'",
  "transport.jms.listener:parameter.connection_factory_name": "transport.jms.listener:parameter.'transport.jms.ConnectionFactoryJNDIName'",
  "transport.jms.listener:parameter.connection_factory_type": "transport.jms.listener:parameter.'transport.jms.ConnectionFactoryType'",
  "transport.jms.listener:parameter.cache_level":             "transport.jms.listener:parameter.'transport.jms.CacheLevel'",
  "transport.jms.listener:parameter.naming_security_principal": "transport.jms.listener:parameter.'java.naming.security.principal'",
  "transport.jms.listener:parameter.naming_security_credential": "transport.jms.listener:parameter.'java.naming.security.credentials'",
  "transport.jms.listener:parameter.transactionality": "transport.jms.listener:parameter.'transport.Transactionality'",
  "transport.jms.listener:parameter.transaction_jndi_name": "transport.jms.listener:parameter.'transport.UserTxnJNDIName'",
  "transport.jms.listener:parameter.cache_user_transaction": "transport.jms.listener:parameter.'transport.CacheUserTxn'",
  "transport.jms.listener:parameter.session_transaction": "transport.jms.listener:parameter.'transport.jms.SessionTransacted'",
  "transport.jms.listener:parameter.session_acknowledgement": "transport.jms.listener:parameter.'transport.jms.SessionAcknowledgement'",
  "transport.jms.listener:parameter.jms_spec_version": "transport.jms.listener:parameter.'transport.jms.JMSSpecVersion'",
  "transport.jms.listener:parameter.username": "transport.jms.listener:parameter.'transport.jms.UserName'",
  "transport.jms.listener:parameter.password": "transport.jms.listener:parameter.'transport.jms.Password'",
  "transport.jms.listener:parameter.destination": "transport.jms.listener:parameter.'transport.jms.Destination'",
  "transport.jms.listener:parameter.destination_type": "transport.jms.listener:parameter.'transport.jms.DestinationType'",
  "transport.jms.listener:parameter.default_reply_destination": "transport.jms.listener:parameter.'transport.jms.DefaultReplyDestination'",
  "transport.jms.listener:parameter.default_destination_type": "transport.jms.listener:parameter.'transport.jms.DefaultReplyDestinationType'",
  "transport.jms.listener:parameter.message_selector": "transport.jms.listener:parameter.'transport.jms.MessageSelector'",
  "transport.jms.listener:parameter.subscription_durable": "transport.jms.listener:parameter.'transport.jms.SubscriptionDurable'",
  "transport.jms.listener:parameter.durable_subscriber_client_id": "transport.jms.listener:parameter.'transport.jms.DurableSubscriberClientID'",
  "transport.jms.listener:parameter.durable_subscriber_name": "transport.jms.listener:parameter.'transport.jms.DurableSubscriberName'",
  "transport.jms.listener:parameter.pub_sub_local": "transport.jms.listener:parameter.'transport.jms.PubSubNoLocal'",
  "transport.jms.listener:parameter.receive_timeout": "transport.jms.listener:parameter.'transport.jms.ReceiveTimeout'",
  "transport.jms.listener:parameter.concurrent_consumer": "transport.jms.listener:parameter.'transport.jms.ConcurrentConsumers'",
  "transport.jms.listener:parameter.max_concurrent_consumer": "transport.jms.listener:parameter.'transport.jms.MaxConcurrentConsumers'",
  "transport.jms.listener:parameter.idle_task_limit": "transport.jms.listener:parameter.'transport.jms.IdleTaskLimit'",
  "transport.jms.listener:parameter.max_message_per_task": "transport.jms.listener:parameter.'transport.jms.MaxMessagesPerTask'",
  "transport.jms.listener:parameter.initial_reconnection_duration": "transport.jms.listener:parameter.'transport.jms.InitialReconnectDuration'",
  "transport.jms.listener:parameter.reconnect_progress_factor": "transport.jms.listener:parameter.'transport.jms.ReconnectProgressFactor'",
  "transport.jms.listener:parameter.max_reconnect_duration": "transport.jms.listener:parameter.'transport.jms.MaxReconnectDuration'",
  "transport.jms.listener:parameter.reconnect_interval": "transport.jms.listener:parameter.'transport.jms.ReconnectInterval'",
  "transport.jms.listener:parameter.max_jsm_connection": "transport.jms.listener:parameter.'transport.jms.MaxJMSConnections'",
  "transport.jms.listener:parameter.max_consumer_error_retrieve_before_delay": "transport.jms.listener:parameter.'transport.jms.MaxConsumeErrorRetriesBeforeDelay'",
  "transport.jms.listener:parameter.consume_error_delay": "transport.jms.listener:parameter.'transport.jms.ConsumeErrorDelay'",
  "transport.jms.listener:parameter.consume_error_progression": "transport.jms.listener:parameter.'transport.jms.ConsumeErrorProgression'",

  "transport.jms.sender:parameter.initial_naming_factory":  "transport.jms.sender:parameter.'java.naming.factory.initial'",
  "transport.jms.sender:parameter.provider_url":            "transport.jms.sender:parameter.'java.naming.provider.url'",
  "transport.jms.sender:parameter.connection_factory_name": "transport.jms.sender:parameter.'transport.jms.ConnectionFactoryJNDIName'",
  "transport.jms.sender:parameter.connection_factory_type": "transport.jms.sender:parameter.'transport.jms.ConnectionFactoryType'",
  "transport.jms.sender:parameter.cache_level":             "transport.jms.sender:parameter.'transport.jms.CacheLevel'",
  "transport.jms.sender:parameter.naming_security_principal": "transport.jms.sender:parameter.'java.naming.security.principal'",
  "transport.jms.sender:parameter.naming_security_credential": "transport.jms.sender:parameter.'java.naming.security.credentials'",
  "transport.jms.sender:parameter.transactionality": "transport.jms.sender:parameter.'transport.Transactionality'",
  "transport.jms.sender:parameter.transaction_jndi_name": "transport.jms.sender:parameter.'transport.UserTxnJNDIName'",
  "transport.jms.sender:parameter.cache_user_transaction": "transport.jms.sender:parameter.'transport.CacheUserTxn'",
  "transport.jms.sender:parameter.session_transaction": "transport.jms.sender:parameter.'transport.jms.SessionTransacted'",
  "transport.jms.sender:parameter.session_acknowledgement": "transport.jms.sender:parameter.'transport.jms.SessionAcknowledgement'",
  "transport.jms.sender:parameter.jms_spec_version": "transport.jms.sender:parameter.'transport.jms.JMSSpecVersion'",
  "transport.jms.sender:parameter.username": "transport.jms.sender:parameter.'transport.jms.UserName'",
  "transport.jms.sender:parameter.password": "transport.jms.sender:parameter.'transport.jms.Password'",
  "transport.jms.sender:parameter.destination":             "transport.jms.sender:parameter.'transport.jms.Destination'",
  "transport.jms.sender:parameter.destination_type": "transport.jms.sender:parameter.'transport.jms.DestinationType'",
  "transport.jms.sender:parameter.default_reply_destination": "transport.jms.sender:parameter.'transport.jms.DefaultReplyDestination'",
  "transport.jms.sender:parameter.default_destination_type": "transport.jms.sender:parameter.'transport.jms.DefaultReplyDestinationType'",
  "transport.jms.sender:parameter.message_selector": "transport.jms.sender:parameter.'transport.jms.MessageSelector'",
  "transport.jms.sender:parameter.subscription_durable": "transport.jms.sender:parameter.'transport.jms.SubscriptionDurable'",
  "transport.jms.sender:parameter.durable_subscriber_client_id": "transport.jms.sender:parameter.'transport.jms.DurableSubscriberClientID'",
  "transport.jms.sender:parameter.durable_subscriber_name": "transport.jms.sender:parameter.'transport.jms.DurableSubscriberName'",
  "transport.jms.sender:parameter.pub_sub_local": "transport.jms.sender:parameter.'transport.jms.PubSubNoLocal'",
  "transport.jms.sender:parameter.receive_timeout": "transport.jms.sender:parameter.'transport.jms.ReceiveTimeout'",
  "transport.jms.sender:parameter.concurrent_consumer": "transport.jms.sender:parameter.'transport.jms.ConcurrentConsumers'",
  "transport.jms.sender:parameter.max_concurrent_consumer": "transport.jms.sender:parameter.'transport.jms.MaxConcurrentConsumers'",
  "transport.jms.sender:parameter.idle_task_limit": "transport.jms.sender:parameter.'transport.jms.IdleTaskLimit'",
  "transport.jms.sender:parameter.max_message_per_task": "transport.jms.sender:parameter.'transport.jms.MaxMessagesPerTask'",
  "transport.jms.sender:parameter.initial_reconnection_duration": "transport.jms.sender:parameter.'transport.jms.InitialReconnectDuration'",
  "transport.jms.sender:parameter.reconnect_progress_factor": "transport.jms.sender:parameter.'transport.jms.ReconnectProgressFactor'",
  "transport.jms.sender:parameter.max_reconnect_duration": "transport.jms.sender:parameter.'transport.jms.MaxReconnectDuration'",
  "transport.jms.sender:parameter.reconnect_interval": "transport.jms.sender:parameter.'transport.jms.ReconnectInterval'",
  "transport.jms.sender:parameter.max_jsm_connection": "transport.jms.sender:parameter.'transport.jms.MaxJMSConnections'",
  "transport.jms.sender:parameter.max_consumer_error_retrieve_before_delay": "transport.jms.sender:parameter.'transport.jms.MaxConsumeErrorRetriesBeforeDelay'",
  "transport.jms.sender:parameter.consume_error_delay": "transport.jms.sender:parameter.'transport.jms.ConsumeErrorDelay'",
  "transport.jms.sender:parameter.consume_error_progression": "transport.jms.sender:parameter.'transport.jms.ConsumeErrorProgression'",
  "transport.jms.sender:parameter.vender_class_loader": "transport.jms.sender:parameter.'vender.class.loader.enabled'",

  "transport.blocking.jms.listener:parameter.initial_naming_factory":  "transport.blocking.jms.listener:parameter.'java.naming.factory.initial'",
  "transport.blocking.jms.listener:parameter.provider_url":            "transport.blocking.jms.listener:parameter.'java.naming.provider.url'",
  "transport.blocking.jms.listener:parameter.connection_factory_name": "transport.blocking.jms.listener:parameter.'transport.jms.ConnectionFactoryJNDIName'",
  "transport.blocking.jms.listener:parameter.connection_factory_type": "transport.blocking.jms.listener:parameter.'transport.jms.ConnectionFactoryType'",
  "transport.blocking.jms.listener:parameter.cache_level":             "transport.blocking.jms.listener:parameter.'transport.jms.CacheLevel'",
  "transport.blocking.jms.listener:parameter.naming_security_principal": "transport.blocking.jms.listener:parameter.'java.naming.security.principal'",
  "transport.blocking.jms.listener:parameter.naming_security_credential": "transport.blocking.jms.listener:parameter.'java.naming.security.credentials'",
  "transport.blocking.jms.listener:parameter.transactionality": "transport.blocking.jms.listener:parameter.'transport.Transactionality'",
  "transport.blocking.jms.listener:parameter.transaction_jndi_name": "transport.blocking.jms.listener:parameter.'transport.UserTxnJNDIName'",
  "transport.blocking.jms.listener:parameter.cache_user_transaction": "transport.blocking.jms.listener:parameter.'transport.CacheUserTxn'",
  "transport.blocking.jms.listener:parameter.session_transaction": "transport.blocking.jms.listener:parameter.'transport.jms.SessionTransacted'",
  "transport.blocking.jms.listener:parameter.session_acknowledgement": "transport.blocking.jms.listener:parameter.'transport.jms.SessionAcknowledgement'",
  "transport.blocking.jms.listener:parameter.jms_spec_version": "transport.blocking.jms.listener:parameter.'transport.jms.JMSSpecVersion'",
  "transport.blocking.jms.listener:parameter.username": "transport.blocking.jms.listener:parameter.'transport.jms.UserName'",
  "transport.blocking.jms.listener:parameter.password": "transport.blocking.jms.listener:parameter.'transport.jms.Password'",
  "transport.blocking.jms.listener:parameter.destination": "transport.blocking.jms.listener:parameter.'transport.jms.Destination'",
  "transport.blocking.jms.listener:parameter.destination_type": "transport.blocking.jms.listener:parameter.'transport.jms.DestinationType'",
  "transport.blocking.jms.listener:parameter.default_reply_destination": "transport.blocking.jms.listener:parameter.'transport.jms.DefaultReplyDestination'",
  "transport.blocking.jms.listener:parameter.default_destination_type": "transport.blocking.jms.listener:parameter.'transport.jms.DefaultReplyDestinationType'",
  "transport.blocking.jms.listener:parameter.message_selector": "transport.blocking.jms.listener:parameter.'transport.jms.MessageSelector'",
  "transport.blocking.jms.listener:parameter.subscription_durable": "transport.blocking.jms.listener:parameter.'transport.jms.SubscriptionDurable'",
  "transport.blocking.jms.listener:parameter.durable_subscriber_client_id": "transport.blocking.jms.listener:parameter.'transport.jms.DurableSubscriberClientID'",
  "transport.blocking.jms.listener:parameter.durable_subscriber_name": "transport.blocking.jms.listener:parameter.'transport.jms.DurableSubscriberName'",
  "transport.blocking.jms.listener:parameter.pub_sub_local": "transport.blocking.jms.listener:parameter.'transport.jms.PubSubNoLocal'",
  "transport.blocking.jms.listener:parameter.receive_timeout": "transport.blocking.jms.listener:parameter.'transport.jms.ReceiveTimeout'",
  "transport.blocking.jms.listener:parameter.concurrent_consumer": "transport.blocking.jms.listener:parameter.'transport.jms.ConcurrentConsumers'",
  "transport.blocking.jms.listener:parameter.max_concurrent_consumer": "transport.blocking.jms.listener:parameter.'transport.jms.MaxConcurrentConsumers'",
  "transport.blocking.jms.listener:parameter.idle_task_limit": "transport.blocking.jms.listener:parameter.'transport.jms.IdleTaskLimit'",
  "transport.blocking.jms.listener:parameter.max_message_per_task": "transport.blocking.jms.listener:parameter.'transport.jms.MaxMessagesPerTask'",
  "transport.blocking.jms.listener:parameter.initial_reconnection_duration": "transport.blocking.jms.listener:parameter.'transport.jms.InitialReconnectDuration'",
  "transport.blocking.jms.listener:parameter.reconnect_progress_factor": "transport.blocking.jms.listener:parameter.'transport.jms.ReconnectProgressFactor'",
  "transport.blocking.jms.listener:parameter.max_reconnect_duration": "transport.blocking.jms.listener:parameter.'transport.jms.MaxReconnectDuration'",
  "transport.blocking.jms.listener:parameter.reconnect_interval": "transport.blocking.jms.listener:parameter.'transport.jms.ReconnectInterval'",
  "transport.blocking.jms.listener:parameter.max_jsm_connection": "transport.blocking.jms.listener:parameter.'transport.jms.MaxJMSConnections'",
  "transport.blocking.jms.listener:parameter.max_consumer_error_retrieve_before_delay": "transport.blocking.jms.listener:parameter.'transport.jms.MaxConsumeErrorRetriesBeforeDelay'",
  "transport.blocking.jms.listener:parameter.consume_error_delay": "transport.blocking.jms.listener:parameter.'transport.jms.ConsumeErrorDelay'",
  "transport.blocking.jms.listener:parameter.consume_error_progression": "transport.blocking.jms.listener:parameter.'transport.jms.ConsumeErrorProgression'",

  "transport.blocking.jms.sender:parameter.initial_naming_factory":  "transport.blocking.jms.sender:parameter.'java.naming.factory.initial'",
  "transport.blocking.jms.sender:parameter.provider_url":            "transport.blocking.jms.sender:parameter.'java.naming.provider.url'",
  "transport.blocking.jms.sender:parameter.connection_factory_name": "transport.blocking.jms.sender:parameter.'transport.jms.ConnectionFactoryJNDIName'",
  "transport.blocking.jms.sender:parameter.connection_factory_type": "transport.blocking.jms.sender:parameter.'transport.jms.ConnectionFactoryType'",
  "transport.blocking.jms.sender:parameter.cache_level":             "transport.blocking.jms.sender:parameter.'transport.jms.CacheLevel'",
  "transport.blocking.jms.sender:parameter.naming_security_principal": "transport.blocking.jms.sender:parameter.'java.naming.security.principal'",
  "transport.blocking.jms.sender:parameter.naming_security_credential": "transport.blocking.jms.sender:parameter.'java.naming.security.credentials'",
  "transport.blocking.jms.sender:parameter.transactionality": "transport.blocking.jms.sender:parameter.'transport.Transactionality'",
  "transport.blocking.jms.sender:parameter.transaction_jndi_name": "transport.blocking.jms.sender:parameter.'transport.UserTxnJNDIName'",
  "transport.blocking.jms.sender:parameter.cache_user_transaction": "transport.blocking.jms.sender:parameter.'transport.CacheUserTxn'",
  "transport.blocking.jms.sender:parameter.session_transaction": "transport.blocking.jms.sender:parameter.'transport.jms.SessionTransacted'",
  "transport.blocking.jms.sender:parameter.session_acknowledgement": "transport.blocking.jms.sender:parameter.'transport.jms.SessionAcknowledgement'",
  "transport.blocking.jms.sender:parameter.jms_spec_version": "transport.blocking.jms.sender:parameter.'transport.jms.JMSSpecVersion'",
  "transport.blocking.jms.sender:parameter.username": "transport.blocking.jms.sender:parameter.'transport.jms.UserName'",
  "transport.blocking.jms.sender:parameter.password": "transport.blocking.jms.sender:parameter.'transport.jms.Password'",
  "transport.blocking.jms.sender:parameter.destination":             "transport.blocking.jms.sender:parameter.'transport.jms.Destination'",
  "transport.blocking.jms.sender:parameter.destination_type": "transport.blocking.jms.sender:parameter.'transport.jms.DestinationType'",
  "transport.blocking.jms.sender:parameter.default_reply_destination": "transport.blocking.jms.sender:parameter.'transport.jms.DefaultReplyDestination'",
  "transport.blocking.jms.sender:parameter.default_destination_type": "transport.blocking.jms.sender:parameter.'transport.jms.DefaultReplyDestinationType'",
  "transport.blocking.jms.sender:parameter.message_selector": "transport.blocking.jms.sender:parameter.'transport.jms.MessageSelector'",
  "transport.blocking.jms.sender:parameter.subscription_durable": "transport.blocking.jms.sender:parameter.'transport.jms.SubscriptionDurable'",
  "transport.blocking.jms.sender:parameter.durable_subscriber_client_id": "transport.blocking.jms.sender:parameter.'transport.jms.DurableSubscriberClientID'",
  "transport.blocking.jms.sender:parameter.durable_subscriber_name": "transport.blocking.jms.sender:parameter.'transport.jms.DurableSubscriberName'",
  "transport.blocking.jms.sender:parameter.pub_sub_local": "transport.blocking.jms.sender:parameter.'transport.jms.PubSubNoLocal'",
  "transport.blocking.jms.sender:parameter.receive_timeout": "transport.blocking.jms.sender:parameter.'transport.jms.ReceiveTimeout'",
  "transport.blocking.jms.sender:parameter.concurrent_consumer": "transport.blocking.jms.sender:parameter.'transport.jms.ConcurrentConsumers'",
  "transport.blocking.jms.sender:parameter.max_concurrent_consumer": "transport.blocking.jms.sender:parameter.'transport.jms.MaxConcurrentConsumers'",
  "transport.blocking.jms.sender:parameter.idle_task_limit": "transport.blocking.jms.sender:parameter.'transport.jms.IdleTaskLimit'",
  "transport.blocking.jms.sender:parameter.max_message_per_task": "transport.blocking.jms.sender:parameter.'transport.jms.MaxMessagesPerTask'",
  "transport.blocking.jms.sender:parameter.initial_reconnection_duration": "transport.blocking.jms.sender:parameter.'transport.jms.InitialReconnectDuration'",
  "transport.blocking.jms.sender:parameter.reconnect_progress_factor": "transport.blocking.jms.sender:parameter.'transport.jms.ReconnectProgressFactor'",
  "transport.blocking.jms.sender:parameter.max_reconnect_duration": "transport.blocking.jms.sender:parameter.'transport.jms.MaxReconnectDuration'",
  "transport.blocking.jms.sender:parameter.reconnect_interval": "transport.blocking.jms.sender:parameter.'transport.jms.ReconnectInterval'",
  "transport.blocking.jms.sender:parameter.max_jsm_connection": "transport.blocking.jms.sender:parameter.'transport.jms.MaxJMSConnections'",
  "transport.blocking.jms.sender:parameter.max_consumer_error_retrieve_before_delay": "transport.blocking.jms.sender:parameter.'transport.jms.MaxConsumeErrorRetriesBeforeDelay'",
  "transport.blocking.jms.sender:parameter.consume_error_delay": "transport.blocking.jms.sender:parameter.'transport.jms.ConsumeErrorDelay'",
  "transport.blocking.jms.sender:parameter.consume_error_progression": "transport.blocking.jms.sender:parameter.'transport.jms.ConsumeErrorProgression'",
  "transport.blocking.jms.sender:parameter.vender_class_loader": "transport.blocking.jms.sender:parameter.'vender.class.loader.enabled'",

  "transport.rabbitmq.listener:parameter.hostname": "transport.rabbitmq.listener:parameter.'rabbitmq.server.host.name'",
  "transport.rabbitmq.listener:parameter.port": "transport.rabbitmq.listener:parameter.'rabbitmq.server.port'",
  "transport.rabbitmq.listener:parameter.username": "transport.rabbitmq.listener:parameter.'rabbitmq.server.user.name'",
  "transport.rabbitmq.listener:parameter.password": "transport.rabbitmq.listener:parameter.'rabbitmq.server.password'",
  "transport.rabbitmq.listener:parameter.connection_factory": "transport.rabbitmq.listener:parameter.'rabbitmq.connection.factory'",
  "transport.rabbitmq.listener:parameter.exchange_name": "transport.rabbitmq.listener:parameter.'rabbitmq.exchange.name'",
  "transport.rabbitmq.listener:parameter.queue_name": "transport.rabbitmq.listener:parameter.'rabbitmq.queue.name'",
  "transport.rabbitmq.listener:parameter.queue_auto_ack": "transport.rabbitmq.listener:parameter.'rabbitmq.queue.auto.ack'",
  "transport.rabbitmq.listener:parameter.consumer_tag": "transport.rabbitmq.listener:parameter.'rabbitmq.consumer.tag'",
  "transport.rabbitmq.listener:parameter.channel_consumer_qos": "transport.rabbitmq.listener:parameter.'rabbitmq.channel.consumer.qos'",
  "transport.rabbitmq.listener:parameter.durable": "transport.rabbitmq.listener:parameter.'rabbitmq.queue.durable'",
  "transport.rabbitmq.listener:parameter.queue_exclusive": "transport.rabbitmq.listener:parameter.'rabbitmq.queue.exclusive'",
  "transport.rabbitmq.listener:parameter.queue_auto_delete": "transport.rabbitmq.listener:parameter.'rabbitmq.queue.auto.delete'",
  "transport.rabbitmq.listener:parameter.queue_routing_key": "transport.rabbitmq.listener:parameter.'rabbitmq.queue.routing.key'",
  "transport.rabbitmq.listener:parameter.queue_auto_declare": "transport.rabbitmq.listener:parameter.'rabbitmq.queue.autodeclare'",
  "transport.rabbitmq.listener:parameter.exchange_auto_declare": "transport.rabbitmq.listener:parameter.'rabbitmq.exchange.autodeclare'",
  "transport.rabbitmq.listener:parameter.exchange_type": "transport.rabbitmq.listener:parameter.'rabbitmq.exchange.type'",
  "transport.rabbitmq.listener:parameter.exchange_durable": "transport.rabbitmq.listener:parameter.'rabbitmq.exchange.durable'",
  "transport.rabbitmq.listener:parameter.exchange_auto_delete": "transport.rabbitmq.listener:parameter.'rabbitmq.exchange.auto.delete'",
  "transport.rabbitmq.listener:parameter.message_content_type": "transport.rabbitmq.listener:parameter.'rabbitmq.message.content.type'",
  "transport.rabbitmq.listener:parameter.retry_interval": "transport.rabbitmq.listener:parameter.'rabbitmq.connection.retry.interval'",
  "transport.rabbitmq.listener:parameter.retry_count": "transport.rabbitmq.listener:parameter.'rabbitmq.connection.retry.count'",
  "transport.rabbitmq.listener:parameter.connection_pool_size": "transport.rabbitmq.listener:parameter.'rabbitmq.connection.pool.size'",

  "transport.rabbitmq.listener:parameter.ssl_enable": "transport.rabbitmq.listener:parameter.'rabbitmq.connection.ssl.enabled'",
  "transport.rabbitmq.listener:parameter.ssl_version": "transport.rabbitmq.listener:parameter.'rabbitmq.connection.ssl.version'",
  "transport.rabbitmq.listener:parameter.keystore_location": "transport.rabbitmq.listener:parameter.'rabbitmq.connection.ssl.keystore.location'",
  "transport.rabbitmq.listener:parameter.keystore_type": "transport.rabbitmq.listener:parameter.'rabbitmq.connection.ssl.keystore.type'",
  "transport.rabbitmq.listener:parameter.keystore_password": "transport.rabbitmq.listener:parameter.'rabbitmq.connection.ssl.keystore.password'",
  "transport.rabbitmq.listener:parameter.truststore_location": "transport.rabbitmq.listener:parameter.'rabbitmq.connection.ssl.truststore.location'",
  "transport.rabbitmq.listener:parameter.truststore_type": "transport.rabbitmq.listener:parameter.'rabbitmq.connection.ssl.truststore.type'",
  "transport.rabbitmq.listener:parameter.truststore_password": "transport.rabbitmq.listener:parameter.'rabbitmq.connection.ssl.truststore.password'",

  "transport.rabbitmq.sender:parameter.hostname": "transport.rabbitmq.sender:parameter.'rabbitmq.server.host.name'",
  "transport.rabbitmq.sender:parameter.port": "transport.rabbitmq.sender:parameter.'rabbitmq.server.port'",
  "transport.rabbitmq.sender:parameter.username": "transport.rabbitmq.sender:parameter.'rabbitmq.server.user.name'",
  "transport.rabbitmq.sender:parameter.password": "transport.rabbitmq.sender:parameter.'rabbitmq.server.password'",
  "transport.rabbitmq.sender:parameter.exchange_name": "transport.rabbitmq.sender:parameter.'rabbitmq.exchange.name'",
  "transport.rabbitmq.sender:parameter.routing_key": "transport.rabbitmq.sender:parameter.'rabbitmq.queue.routing.key'",
  "transport.rabbitmq.sender:parameter.reply_to_name": "transport.rabbitmq.sender:parameter.'rabbitmq.replyto.name'",
  "transport.rabbitmq.sender:parameter.queue_delivery_mode": "transport.rabbitmq.sender:parameter.'rabbitmq.queue.delivery.mode'",
  "transport.rabbitmq.sender:parameter.exchange_type": "transport.rabbitmq.sender:parameter.'rabbitmq.exchange.type'",
  "transport.rabbitmq.sender:parameter.queue_name": "transport.rabbitmq.sender:parameter.'rabbitmq.queue.name'",
  "transport.rabbitmq.sender:parameter.queue_durable": "transport.rabbitmq.sender:parameter.'rabbitmq.queue.durable'",
  "transport.rabbitmq.sender:parameter.queue_exclusive": "transport.rabbitmq.sender:parameter.'rabbitmq.queue.exclusive'",
  "transport.rabbitmq.sender:parameter.queue_auto_delete": "transport.rabbitmq.sender:parameter.'rabbitmq.queue.auto.delete'",
  "transport.rabbitmq.sender:parameter.exchange_durable": "transport.rabbitmq.sender:parameter.'rabbitmq.exchange.durable'",
  "transport.rabbitmq.sender:parameter.queue_auto_declare": "transport.rabbitmq.sender:parameter.'rabbitmq.queue.autodeclare'",
  "transport.rabbitmq.sender:parameter.exchange_auto_declare": "transport.rabbitmq.sender:parameter.'rabbitmq.exchange.autodeclare'",
  "transport.rabbitmq.sender:parameter.connection_pool_size": "transport.rabbitmq.sender:parameter.'rabbitmq.connection.pool.size'",

  "transport.ws.sender.outflow_dispatch_sequence": "transport.ws.sender.parameter.'ws.outflow.dispatch.sequence'",
  "transport.ws.sender.outflow_dispatch_fault_sequence": "transport.ws.sender.parameter.'ws.outflow.dispatch.fault.sequence'",

  "transport.wss.sender.outflow_dispatch_sequence": "transport.wss.sender.parameter.'ws.outflow.dispatch.sequence'",
  "transport.wss.sender.outflow_dispatch_fault_sequence": "transport.wss.sender.parameter.'ws.outflow.dispatch.fault.sequence'",

  "transport.tcp.listener.port": "transport.tcp.listener.parameter.'transport.tcp.port'",
  "transport.tcp.listener.hostname": "transport.tcp.listener.parameter.'transport.tcp.hostname'",
  "transport.tcp.listener.response_client": "transport.tcp.listener.parameter.'transport.tcp.responseClient'",

  "transport.msmq.listener.hostname": "transport.msmq.listener.parameter.'msmq.receiver.host'",

  "transport.mqtt.listener.hostname": "transport.mqtt.listener.parameter.'mqtt.server.host.name'",
  "transport.mqtt.listener.connection_factory": "transport.mqtt.listener.parameter.'mqtt.connection.factory'",
  "transport.mqtt.listener.server_port": "transport.mqtt.listener.parameter.'mqtt.server.port'",
  "transport.mqtt.listener.client_id": "transport.mqtt.listener.parameter.'mqtt.client.id'",
  "transport.mqtt.listener.topic_name": "transport.mqtt.listener.parameter.'mqtt.topic.name'",
  "transport.mqtt.listener.subscription_qos": "transport.mqtt.listener.parameter.'mqtt.subscription.qos'",
  "transport.mqtt.listener.session_clean": "transport.mqtt.listener.parameter.'mqtt.session.clean'",
  "transport.mqtt.listener.enable_ssl": "transport.mqtt.listener.parameter.'mqtt.ssl.enable'",
  "transport.mqtt.listener.subscription_username": "transport.mqtt.listener.parameter.'mqtt.subscription.username'",
  "transport.mqtt.listener.subscription_password": "transport.mqtt.listener.parameter.'mqtt.subscription.password'",
  "transport.mqtt.listener.temporary_store_directory": "transport.mqtt.listener.parameter.'mqtt.temporary.store.directory'",
  "transport.mqtt.listener.blocking_sender": "transport.mqtt.listener.parameter.'mqtt.blocking.sender'",
  "transport.mqtt.listener.connect_type": "transport.mqtt.listener.parameter.'mqtt.content.type'",
  "transport.mqtt.listener.message_retained": "transport.mqtt.listener.parameter.'mqtt.message.retained'",

  "custom_transport.listener:parameter.non_blocking": "custom_transport.listener:parameter.non-blocking",
  "custom_transport.listener:parameter.bind_address": "custom_transport.listener:parameter.bind-address",
  "custom_transport.listener:parameter.wsdl_epr_prefix": "custom_transport.listener:parameter.WSDLEPRPrefix",

  "custom_transport.sender:parameter.proxy_host": "custom_transport.sender:parameter.'http.proxyHost'",
  "custom_transport.sender:parameter.proxy_port": "custom_transport.sender:parameter.'http.proxyPort'",
  "custom_transport.sender:parameter.non_proxy_host": "custom_transport.sender:parameter.'http.nonProxyHosts'",
  "custom_transport.sender:parameter.non_blocking": "custom_transport.sender:parameter.non-blocking"
}
