<?xml version="1.0" encoding="ISO-8859-1"?>
<!--
 Copyright (c) 2020, WSO2 Inc. (http://www.wso2.org) All Rights Reserved.

 Licensed under the Apache License, Version 2.0 (the "License");
 you may not use this file except in compliance with the License.
 You may obtain a copy of the License at

 http://www.apache.org/licenses/LICENSE-2.0

 Unless required by applicable law or agreed to in writing, software
 distributed under the License is distributed on an "AS IS" BASIS,
 WITHOUT WARRANTIES OR CONDITIONS OF ANY KIND, either express or implied.
 See the License for the specific language governing permissions and
 limitations under the License.
-->

<!--
    This is the configuration file for internal APIs
-->
<internalApis>
    <apis>
        <api name="PrometheusApi" protocol="http" class="org.wso2.micro.integrator.observability.metric.publisher.MetricAPI">
        </api>
        <api name="ReadinessProbe" protocol="http" class="org.wso2.micro.integrator.probes.ReadinessProbe"/>
        <api name="ManagementApi" protocol="https http" class="org.wso2.micro.integrator.management.apis.ManagementInternalApi">
            <handlers>
                <handler name="JWTTokenSecurityHandler" class="org.wso2.micro.integrator.management.apis.security.handler.JWTTokenSecurityHandler">
                    <TokenStoreConfig>
                        <MaxSize>200</MaxSize>
                        <TokenCleanupTaskInterval>600</TokenCleanupTaskInterval><!--Seconds /-->
                        <RemoveOldestTokenOnOverflow>true</RemoveOldestTokenOnOverflow>
                    </TokenStoreConfig>
                    <TokenConfig>
                        <expiry>3600</expiry><!--Seconds /-->
                        <size>2048</size>
                    </TokenConfig>
                </handler>
                <handler name="AuthorizationHandler" class="org.wso2.micro.integrator.management.apis.security.handler.AuthorizationHandler">
                </handler>
            </handlers>
            <cors>
                <enabled>true</enabled>
                <allowedOrigins>*</allowedOrigins>
                <allowedHeaders>Authorization, Content-Type</allowedHeaders>
            </cors>
        </api>
    </apis>
    <userStore>
        <users>
            <user>
                <username>admin</username>
                <password>admin</password>
            </user>
        </users>
    </userStore>
    <sslConfig>
        <parameter name="httpsProtocols">TLSv1,TLSv1.1,TLSv1.2</parameter>
        <parameter name="sslVerifyClient">false</parameter>
        <parameter name="sslProtocol">SSLV3</parameter>
        <parameter name="keystore">
            <KeyStore>
                <Location>repository/resources/security/wso2carbon.jks</Location>
                <Type>JKS</Type>
                <Password>wso2carbon</Password>
                <KeyPassword>wso2carbon</KeyPassword>
            </KeyStore>
        </parameter>
        <parameter name="truststore">
            <TrustStore>
                <Location>repository/resources/security/client-truststore.jks</Location>
                <Type>JKS</Type>
                <Password>wso2carbon</Password>
            </TrustStore>
        </parameter>
        <parameter name="certificateRevocationVerifier">
            <CertificateRevocationVerifier enable="false">
                <CacheSize>10</CacheSize>
                <CacheDelay>2</CacheDelay>
            </CertificateRevocationVerifier>
        </parameter>
    </sslConfig>
</internalApis>
