<?xml version="1.0" encoding="windows-1252"?>
<!--
  ~ Copyright (c) 2019, WSO2 Inc. (http://www.wso2.org) All Rights Reserved.
  ~
  ~ WSO2 Inc. licenses this file to you under the Apache License,
  ~ Version 2.0 (the "License"); you may not use this file except
  ~ in compliance with the License.
  ~ You may obtain a copy of the License at
  ~
  ~ http://www.apache.org/licenses/LICENSE-2.0
  ~
  ~ Unless required by applicable law or agreed to in writing,
  ~ software distributed under the License is distributed on an
  ~ "AS IS" BASIS, WITHOUT WARRANTIES OR CONDITIONS OF ANY
  ~ KIND, either express or implied. See the License for the
  ~ specific language governing permissions and limitations
  ~ under the License.
  -->
<!-- Registry declaration of the WSO2 micro-integrator -->
<registry xmlns="http://ws.apache.org/ns/synapse" provider="org.wso2.micro.integrator.registry.MicroIntegratorRegistry">
    <parameter name="cachableDuration">15000</parameter>
    <!--
        Uncomment below parameters (ConfigRegRoot, GovRegRoot, LocalRegRoot) to configure registry root paths
        Default : <EI_HOME>/wso2/micro-integrator/registry/{governance | config | local}
        Example : <parameter name="GovRegRoot">file:///Users/JohnDoe/registry/governance</parameter>
    -->
    <!--
    <parameter name="ConfigRegRoot">{Root directory path for configuration Registry}</parameter>
    <parameter name="GovRegRoot">{Root directory path for governance Registry}</parameter>
    <parameter name="LocalRegRoot">{Root directory path for local Registry}</parameter>
    -->
</registry>
