{
  "$schema": "http://json-schema.org/draft-04/schema#",
  "type": "object",
  "properties": {
    "id": {
      "type": "string",
      "maxLength": 7,
      "pattern":"^[0-9][^A-Za-z!@#$%^&*()_+\\-=\\[\\]{};':\"\\\\|,<>\\/?\\s\\n]*$"
    },
    "email": {
      "description": "Email of the user",
      "type": "string",
      "maxLength": 20,
      "pattern":"^[a-zA-Z0-9]+[@]+[a-zA-Z]{5}\\.+[a-zA-Z]{3}$",
      "format":"email"
    },
    "first_name": {
      "type": "string",
      "minLength": 3,
      "maxLength": 10,
      "pattern":"^[\\.A-Za-z][^0-9!@#$%^&*()_+\\-=\\[\\]{};':\"\\\\|,<>\\/?\\s\\n]*$"
    },
    "last_name":  {
      "type": "string",
      "minLength": 3,
      "maxLength": 10,
      "pattern":"^[\\.A-Za-z][^0-9!@#$%^&*()_+\\-=\\[\\]{};':\"\\\\|,<>\\/?\\s\\n]*$"
    },
    "number": {
     "type":"string",
     "pattern":"^[9][0-9]{9}$"
    }
  },
  "required": [
    "id",
    "email",
    "first_name",
    "last_name",
    "number"
  ]
}
